-- phpMyAdmin SQL Dump
-- version 4.7.4
-- https://www.phpmyadmin.net/
--
-- Hôte : 127.0.0.1:3306
-- Généré le :  mer. 29 août 2018 à 19:28
-- Version du serveur :  5.7.19
-- Version de PHP :  5.6.31

SET SQL_MODE = "NO_AUTO_VALUE_ON_ZERO";
SET AUTOCOMMIT = 0;
START TRANSACTION;
SET time_zone = "+00:00";


/*!40101 SET @OLD_CHARACTER_SET_CLIENT=@@CHARACTER_SET_CLIENT */;
/*!40101 SET @OLD_CHARACTER_SET_RESULTS=@@CHARACTER_SET_RESULTS */;
/*!40101 SET @OLD_COLLATION_CONNECTION=@@COLLATION_CONNECTION */;
/*!40101 SET NAMES utf8mb4 */;

--
-- Base de données :  `quizconnect`
--

-- --------------------------------------------------------

--
-- Structure de la table `question`
--

DROP TABLE IF EXISTS `question`;
CREATE TABLE IF NOT EXISTS `question` (
  `id` int(11) NOT NULL AUTO_INCREMENT,
  `contenuURL` varchar(255) DEFAULT NULL,
  `difficulte` varchar(255) DEFAULT NULL,
  `explications` varchar(255) DEFAULT NULL,
  `isVal` bit(1) NOT NULL,
  `lang` varchar(255) DEFAULT NULL,
  `libelle` varchar(255) DEFAULT NULL,
  `theme` varchar(255) DEFAULT NULL,
  `laReponse_id` int(11) DEFAULT NULL,
  PRIMARY KEY (`id`),
  KEY `FKbbayjw0c66pa0wx32p5ibkspv` (`laReponse_id`)
) ENGINE=MyISAM AUTO_INCREMENT=148 DEFAULT CHARSET=latin1;

--
-- Déchargement des données de la table `question`
--

INSERT INTO `question` (`id`, `contenuURL`, `difficulte`, `explications`, `isVal`, `lang`, `libelle`, `theme`, `laReponse_id`) VALUES
(1, NULL, 'Débutant', 'Une adresse email est valide avec le @ + domaine (@gmail.com)', b'1', 'FR', 'Cette adresse email est elle valide?  \'Michelle.Dertu@gmail.com\'', 'Informatique', 1),
(2, NULL, 'Débutant', 'Microsoft publie plusieurs logiciels de traitement de texte, mais Word en reste la \'\' vedette \'\'.', b'1', 'FR', 'Quel logiciel de traitement de texte a été mis au point par Microsoft ?', 'Informatique', 3),
(3, NULL, 'Débutant', 'Excel a été critiqué pour ses problèmes de précision sur calculs à virgule flottante.', b'1', 'FR', 'Le logiciel Excel extrait de la suite bureautique Microsoft Office est un...', 'Informatique', 7),
(4, NULL, 'Débutant', 'La gravité du dysfonctionnement informatique peut aller de bénigne à majeure.', b'1', 'FR', 'En informatique, comment appelle-t-on une erreur de programmation encore non localisée ?', 'Informatique', 11),
(5, NULL, 'Débutant', 'La version Windows 8.1 est une mise à jour gratuite de Windows 8 disponible depuis 2013. ', b'1', 'FR', 'Quelle version de Windows Microsoft a-t-il lancé le vendredi 26 octobre 2012 ?', 'Informatique', 15),
(6, NULL, 'Débutant', 'La PAO consiste à créer des documents imprimés en travaillant la composition et la typographie de documents.', b'1', 'FR', 'Comment est communément abrégée la publication assistée par ordinateur ?', 'Informatique', 19),
(7, NULL, 'Débutant', 'iTunes faisait partie de la suite logicielle d\'Apple iLife jusqu\'à la version \'06.', b'1', 'FR', 'Quelle application informatique de la société Apple permet de gérer facilement un iPod ?', 'Informatique', 23),
(8, NULL, 'Débutant', 'Une feuille de calcul est une table d\'informations la plupart du temps financières.', b'1', 'FR', 'En informatique, quel logiciel permet de créer des calculs automatiques ?', 'Informatique', 27),
(9, NULL, 'Débutant', 'Certains utilisent ce savoir-faire dans un cadre légal, d\'autres étant hors-la-loi.', b'1', 'FR', 'Quel pirate informatique casse les systèmes informatique et les logiciels protégés ?', 'Informatique', 31),
(10, NULL, 'Débutant', 'Le premier navigateur stable et largement diffusé fut NCSA Mosaic, en 1993.', b'1', 'FR', 'Quels logiciels installés sur PC, tablette ou smartphone, permettent de \'\'surfer\'\' sur Internet ?', 'Informatique', 35),
(11, NULL, 'Débutant', 'Google Agenda permet de partager des événements et des agendas et de les publier sur internet ou sur un site Web.', b'1', 'FR', 'Quel outil développé par le géant Google permet de gérer son emploi du temps ?', 'Informatique', 39),
(12, NULL, 'Confirmé', 'Skype est un logiciel gratuit qui permet de passer des appels téléphoniques et vidéo via Internet, ainsi que le partage d\'écran.', b'1', 'FR', 'Quelle grande société a reçu le feu vert en 2011 pour le rachat de Skype ?', 'Informatique', 43),
(13, NULL, 'Confirmé', 'Linux est un système informatique qui fonctionne sur du matériel allant du téléphone portable au supercalculateur.', b'1', 'FR', 'Quel est probablement le plus connu des systèmes informatiques dits \'\'libre\'\' ?', 'Informatique', 47),
(14, NULL, 'Confirmé', 'Ce site Web au service des entreprises met en ligne de nombreuses applications.', b'1', 'FR', 'Quelle est le nom de la solution professionnelle de services Google ?', 'Informatique', 51),
(15, NULL, 'Confirmé', 'Il ne faut toutefois pas confondre freeware (gratuiciel) et shareware (partagiciel).', b'1', 'FR', 'Quel logiciel est mis gratuitement et librement à disposition par son créateur ?', 'Informatique', 55),
(16, NULL, 'Confirmé', 'Instagram est une application cofondée et lancée par l\'américain Kevin Systrom et le Brésilien Michel Mike Krieger en octobre 2010.', b'1', 'FR', 'En avril 2012, quelle start-up Facebook a-t-il racheté pour un milliard de dollars ?', 'Informatique', 59),
(17, NULL, 'Confirmé', 'Le courriel tend à être reconnu comme moyen valide de contacter une personne.', b'1', 'FR', 'Au Québec, quel mot est souvent utilisé pour désigner le courrier électronique ?', 'Informatique', 63),
(18, NULL, 'Confirmé', 'Skype a été fondé en Estonie par Niklas Zennstrâm et Janus Friis en 2003 et développé par 3 Estoniens à l\'origine du logiciel KaZaA.', b'1', 'FR', 'Quel logiciel de Microsoft a remplacé Windows Live Messenger en 2013 ?', 'Informatique', 67),
(19, NULL, 'Confirmé', 'La version 11 du navigateur sera toujours présente dans Windows 10 avant le passage progressif à Microsoft Edge.', b'1', 'FR', 'Quel nom portait le navigateur Internet de Microsoft, devenu aujourd\'hui Microsoft Edge ?', 'Informatique', 71),
(20, NULL, 'Confirmé', 'Les antivirus peuvent balayer le contenu d\'un disque dur, mais également la mémoire vive de l\'ordinateur.', b'1', 'FR', 'Quel logiciel est indispensable pour protéger votre ordinateur sur Internet ?', 'Informatique', 75),
(21, NULL, 'Confirmé', 'Réputé conservateur, le cardinal Ratzinger a été élu le 19 avril 2005 pour succéder à Jean-Paul II.', b'1', 'FR', 'Qui est le tout premier pape à avoir envoyé un message sur Twitter ?', 'Informatique', 79),
(22, NULL, 'Expert', 'Tout comme Firefox, Thunderbird et son interface en XUL est basé sur le moteur Gecko.', b'1', 'FR', 'Quel courrielleur créé par Mozilla est le compagnon idéal du navigateur Firefox ?', 'Informatique', 83),
(23, NULL, 'Expert', 'Les abonnements Office 365 pour les particuliers permettent de bénéficier de la version complète de la suite Office que l\'on connaît.', b'1', 'FR', 'Quel nom porte la suite bureautique en ligne proposée par Microsoft ?', 'Informatique', 87),
(24, NULL, 'Expert', 'La version 3 a été la première à connaître un large succès, permettant à Microsoft de rivaliser avec l\'Apple Macintosh.', b'1', 'FR', 'Quel était le nom de code de la version 3.1 de Windows ?', 'Informatique', 91),
(25, NULL, 'Expert', 'Ce service en ligne de stockage et d\'applications, créé en 2007, est une manifestation du concept de cloud computing.', b'1', 'FR', 'Quel nom porte le service de stockage en ligne de Windows Live ?', 'Informatique', 95),
(26, NULL, 'Expert', 'Gaim a été renommé en Pidgin en 2007 en raison de plaintes de la société AOL.', b'1', 'FR', 'Quel est le nouveau nom du logiciel gratuit de messagerie instantanée Gaim ?', 'Informatique', 99),
(27, NULL, 'Expert', 'Google Documents est une suite des évolutions de Google Spreadsheets et de Writely, logiciel de traitement de texte.', b'1', 'FR', 'Quelle suite logicielle équivaut à Microsoft Office chez le géant Google ?', 'Informatique', 103),
(28, NULL, 'Expert', 'Opera est un navigateur Web développé par la société norvégienne Opera Software, qui propose plusieurs logiciels relatifs à Internet.', b'1', 'FR', 'De quel pays la suite logicielle gratuite Opera est-elle originaire ?', 'Informatique', 107),
(29, NULL, 'Expert', 'Adobe change régulièrement le nom des produits de la famille Acrobat et cela en subdivisant ses produits.', b'1', 'FR', 'Lequel de ces outils ne permet pas de visionner des pages web ?', 'Informatique', 111),
(30, NULL, 'Expert', 'Depuis la mise à jour du système d\'exploitation d\'Apple iOS 7 en septembre 2013, l\'App Store possède un tout nouveau design.', b'1', 'FR', 'Combien de téléchargements dénombrait-on sur le célèbre App Store fin 2012 ?', 'Informatique', 115),
(31, NULL, 'Expert', 'Plusieurs moyens de consulter l\'encyclopédie existent, tels que des sites web miroirs ou des applications pour smartphone.', b'1', 'FR', 'Quelle est la date \'\'officielle\'\' de création de Wikipédia en Français ?', 'Informatique', 119),
(32, NULL, 'Débutant', 'Cependant, tous les fruits consommés par l\'homme ne sont pas tous produits par des arbres.', b'1', 'FR', 'De quoi est issu le fruit qui pousse dans la plupart de nos arbres fruitiers ?', 'Nature', 123),
(33, NULL, 'Débutant', 'Il en existe différents types : les vergers conservatoires, les prés-vergers, les vergers commerciaux et de jardin potager.', b'1', 'FR', 'Quel espace de terrain est dévolu à la culture d\'arbres fruitiers ?', 'Nature', 127),
(34, NULL, 'Débutant', 'Les fruits secs peuvent se consommer tels quels ou s\'incorporer à des recettes de cuisine et spécialement de pâtisserie.', b'1', 'FR', 'Quels fruits possèdent une teneur en eau réduite, leur permettant une longue conservation ?', 'Nature', 131),
(35, NULL, 'Débutant', 'Les cerisiers ornementaux sont aussi cultivés ailleurs dans le monde comme plantation d\'alignement le long des rues.', b'1', 'FR', 'Quel arbre fruitier est utilisé pour ses qualités ornementales en Chine et au Japon ?', 'Nature', 135),
(36, NULL, 'Débutant', 'On peut classer les pêchers en quatre groupes : peau veloutée ou lisse, noyau adhérent à la chair ou se détachant librement.', b'1', 'FR', 'Lequel de ces arbres peut donner un fruit à la peau duveteuse ou lisse ?', 'Nature', 139),
(37, NULL, 'Débutant', 'Le noisetier serait une des rares espèces de l\'ère secondaire (- 70 millions d\'années) à avoir survécu jusqu\'à nos jours.', b'1', 'FR', 'Quel arbre fruitier est particulièrement apprécié des écureuils ?', 'Nature', 143),
(38, NULL, 'Débutant', 'Les espèces cultivées uniquement à titre ornemental sont souvent appelées de manière générique \'\' Pommier à fleurs \'\'.', b'1', 'FR', 'De quel arbre connaît-on à ce jour plus de 20 000 variétés de fruits ?', 'Nature', 147),
(39, NULL, 'Débutant', 'La reine-claude a été \'\' créée \'\' en France à la suite de la découverte d\'une prune verte sur un arbre importé d\'Asie.', b'1', 'FR', 'Quel arbre produit la reine-claude ou encore la mirabelle de Nancy ?', 'Nature', 151),
(40, NULL, 'Débutant', 'L\'amande est un fruit à coque ressemblant à une petite pêche verte, dont la chair reste mince, dure et sèche.', b'1', 'FR', 'Quel fruit se mange en dragée, en massepain ou déguisé dans la frangipane ?', 'Nature', 155),
(41, NULL, 'Débutant', 'En France, la culture du citronnier est cantonnée à la Câte d\'Azur (région de Menton) et à la Corse.', b'1', 'FR', 'Quel petit arbre fruitier est cultivé dans les régions méditerranéennes et subtropicales ?', 'Nature', 159),
(42, NULL, 'Confirmé', 'Une fois ramassée, le séchoir à châtaignes permettra son séchage à des fins de conservation.', b'1', 'FR', 'Quel arbre propose un fruit renfermé dans une bogue ?', 'Nature', 163),
(43, NULL, 'Confirmé', 'Au Moyen âge, les monastères possédaient un verger planté d\'arbres fruitiers sous lesquels les moines étaient ensevelis.', b'1', 'FR', 'Quelle branche de l\'arboriculture est spécialisée dans la culture des arbres fruitiers ?', 'Nature', 167),
(44, NULL, 'Confirmé', 'Les sorbiers et les alisiers sont des arbustes ou des arbres qui croissent notamment dans les forêts collinéennes et montagnardes.', b'1', 'FR', 'Quelle catégorie de fruits le sorbier permet-il de récolter ?', 'Nature', 171),
(45, NULL, 'Confirmé', 'L\'une des espèces ravageuses les plus connues est le phylloxéra, qui a atteint la quasi-totalité du vignoble français au XIXe siècle.', b'1', 'FR', 'Quels insectes attaquent principalement les feuilles des arbres fruitiers ?', 'Nature', 175),
(46, NULL, 'Confirmé', 'Les merles se nourrissent aussi d\'insectes, de vers et de divers autres petits animaux.', b'1', 'FR', 'Quel oiseau est souvent considéré comme ravageur des fruits poussant sur nos arbres ?', 'Nature', 179),
(47, NULL, 'Confirmé', 'Les mésanges nichent dans des trous d\'arbres, mais utilisent souvent les nichoirs dans les jardins.', b'1', 'FR', 'Quel oiseau est réputé pour détruire les bourgeons des arbres fruitiers ?', 'Nature', 183),
(48, NULL, 'Confirmé', 'L\'abricotier est une espèce vigoureuse : il peut atteindre plus de 6 mètres de hauteur en situation naturelle favorable.', b'1', 'FR', 'Quel arbre propose une drupe comestible à peau veloutée, de couleur jaune orangé ?', 'Nature', 187),
(49, NULL, 'Confirmé', 'Le greffage est une opération qui consiste à implanter dans les tissus d\'une plante un bourgeon ou un fragment quelconque.', b'1', 'FR', 'Quelle opération botanique consiste à multiplier la production des arbres fruitiers ?', 'Nature', 191),
(50, NULL, 'Confirmé', 'Dans la bogue qui est une sorte de bOùte ronde et épineuse, se trouve le fruit : la châtaigne.', b'1', 'FR', 'Quel arbre fruitier, dont le bois est utilisé pour les charpentes, a pour nom latin \'\' Castanea \'\' ?', 'Nature', 195),
(51, NULL, 'Confirmé', 'La partie charnue autour de la coquille émet un jus qui tache, utilisé en teinturerie : le brou de noix.', b'1', 'FR', 'Quelle partie extérieure à la coque est spécifique à la noix ?', 'Nature', 199),
(52, NULL, 'Expert', 'Ce type de culture, utilisée en pré-verger, se raréfie au profit des monocultures de vergers basses tiges.', b'1', 'FR', 'Comment appelle-t-on un arbre fruitier dont le tronc mesure plus de 1.60m de hauteur ? ', 'Nature', 203),
(53, NULL, 'Expert', 'Le noisetier serait une des rares espèces de l\'ère secondaire (- 70 millions d\'années) à avoir survécu jusqu\'à nos jours.', b'1', 'FR', 'Quel arbre fruitier de la famille des Bétulacées est aussi appelé \'\' coudrier \'\' ?', 'Nature', 207),
(54, NULL, 'Expert', 'Le scolyte ne peut directement digérer le bois en raison de la présence de lignine et de cellulose.', b'1', 'FR', 'Quels insectes ravageurs se nourrissent de la sève des arbres fruitiers ?', 'Nature', 211),
(55, NULL, 'Expert', 'Une taille de forme particulière permet d\'améliorer la fructification en optimisant l\'exposition à la lumière.', b'1', 'FR', 'Laquelle de ces propositions ne désigne pas une taille utilisée pour les arbres fruitiers ?', 'Nature', 215),
(56, NULL, 'Expert', 'L\'amandier, avec ses fleurs d\'un blanc rosé, est un des symboles de l\'amour et de la virginité.', b'1', 'FR', 'Dans nos contrées, quel est le premier arbre fruitier à fleurir à la fin de l\'hiver ?', 'Nature', 219),
(57, NULL, 'Expert', 'Le grenadier peut vivre jusqu\'à 200 ans mais est le plus productif en fruits dans ses 20 premières années.', b'1', 'FR', 'Quel arbre fruitier doit son nom à une ville espagnole ?', 'Nature', 223),
(58, NULL, 'Expert', 'Les fruits du cognassier sont des coings appelés aussi \'\' pommes d\'or \'\' ou \'\' poires de Cydonie \'\'.', b'1', 'FR', 'Quel arbre fruitier est l\'unique représentant du genre Cydonia ?', 'Nature', 227),
(59, NULL, 'Expert', 'La plupart des variétés perdent leur voile cotonneux avant la fin de l\'automne lorsque le fruit devient jaune doré à maturité.', b'1', 'FR', 'Lequel de ces arbres propose un fruit proche cousin du pommier et du poirier ?', 'Nature', 231),
(60, NULL, 'Expert', 'La région de Fenghua (Chine continentale) est réputée pour ses pêches et en particulier la pêche juteuse au miel.', b'1', 'FR', 'Quel fruit possède la plus forte charge symbolique dans le monde chinois ?', 'Nature', 235),
(61, NULL, 'Expert', 'Il ne faut pas confondre les mâriers avec les ronces, plantes ligneuses de la famille des Rosacées.', b'1', 'FR', 'Quel arbre fruitier, composé d\'une dizaine d\'espèces, peut être blanc ou noir ?', 'Nature', 239),
(62, NULL, 'Débutant', 'La maison Lannister, la plus riche des Sept Couronnes, est la maison suzeraine des Terres de l\'Ouest et a son siège à Castral Roc.', b'1', 'FR', 'Dans Game of Thrones, quel animal apparaît sur le blason de la maison Lannister ?', 'Série', 243),
(63, NULL, 'Débutant', 'Daenerys est la fille légitime du roi Aerys II Targaryen et de la reine Rhaella Targaryen.', b'1', 'FR', 'Comment se prénomme la jeune fille timide aux cheveux d\'argent de la série Game of Thrones ?', 'Série', 247),
(64, NULL, 'Débutant', 'Le Mur sépare le royaume des Sept Couronnes des terres glacées et sauvages situées au-delà.', b'1', 'FR', 'Combien de couronnes composent le royaume de Game of Thrones ?', 'Série', 251),
(65, NULL, 'Débutant', 'Ses dragons ont grandi avec la jeune femme au point qu\'elle peut presque les monter.', b'1', 'FR', 'Qui est la mère des dragons dans la série télévisée Game of Thrones ?', 'Série', 255),
(66, NULL, 'Débutant', 'Eddard Stark est un homme profondément juste et noble, mais également dur et austère.', b'1', 'FR', 'Comment Ned Stark est-il mort dans la série télévisée Game of Thrones ?', 'Série', 259),
(67, NULL, 'Débutant', 'La Garde de Nuit est un ordre militaire exclusivement masculin stationné sur le Mur, formidable édifice de glace.', b'1', 'FR', 'Que protège la Garde de Nuit dans la série télévisée Game of Thrones ?', 'Série', 263),
(68, NULL, 'Débutant', 'Winterfell a été construit par Brandon Stark \'\' le Bâtisseur \'\', l\'un des premiers rois du Nord.', b'1', 'FR', 'Où habitent les Stark dans la série Game of Thrones ?', 'Série', 267),
(69, NULL, 'Débutant', 'Femme très ambitieuse et réputée pour sa beauté, elle supporte mal les restrictions.', b'1', 'FR', 'Quel est le titre de Cersei Lannister dans les premières saisons de Game of Thrones ?', 'Série', 271),
(70, NULL, 'Débutant', 'Malgré cela, Joffrey humilie et fait battre Sansa à plusieurs reprises pour son propre amusement.', b'1', 'FR', 'Qui est la promise du roi Joffrey Baratheon dans la saga Game of Thrones ?', 'Série', 275),
(71, NULL, 'Débutant', 'Il ne faut confondre Bran avec le frère décédé de lord Eddard Stark en l\'honneur duquel il a été prénommé.', b'1', 'FR', 'Quel personnage de Game of Thrones a été jeté dans le vide par Jaime Lannister ?', 'Série', 279),
(72, NULL, 'Confirmé', 'Les constructeurs et architectes de la forteresse furent mis à mort afin d\'en préserver les secrets.', b'1', 'FR', 'Quelle puissante forteresse se dresse sur une colline de Port-Réal dans Game of Thrones ?', 'Série', 283),
(73, NULL, 'Confirmé', 'Peter Dinklage est aussi l\'antagoniste principal, Bolivar Trask, dans X-Men: Days of Future Past.', b'1', 'FR', 'Depuis 2011, pour quel râle Peter Dinklage est-il principalement connu ?', 'Série', 287),
(74, NULL, 'Confirmé', 'Au début de la saga, Sandor Clegane est le garde du corps du prince Joffrey Baratheon.', b'1', 'FR', 'Comment est surnommé Sandor Clegane dans la série Game of Thrones ?', 'Série', 291),
(75, NULL, 'Confirmé', 'âgé de 12 ans au début de la saga, il est, sous des manières policées, cruel et vaniteux.', b'1', 'FR', 'Comment le prince Joffrey a-t-il baptisé son épée dans Game of Thrones ?', 'Série', 295),
(76, NULL, 'Confirmé', 'La Garde de Nuit est chargée de la défense de la frontière Nord des Sept Couronnes, et en particulier du Mur.', b'1', 'FR', 'Dans Game of Thrones, quel est le principal château du Mur depuis l\'abandon de Fort Nox ?', 'Série', 299),
(77, NULL, 'Confirmé', 'Brandon est un enfant de sept ans, au début de la saga, qui rêve de devenir un jour un grand chevalier et d\'intégrer la Garde Royale.', b'1', 'FR', 'Dans Game of Thrones, pendant son coma, quel animal chuchote à Bran de voler ?', 'Série', 303),
(78, NULL, 'Confirmé', 'L\'acier des mailles et des armures de cette organisation militaire est lui aussi noirci.', b'1', 'FR', 'Quelle est la couleur des vêtements des hommes de la Garde de Nuit dans Game of Thrones ?', 'Série', 307),
(79, NULL, 'Confirmé', 'Olenna Tyrell, née Olenna Redwyne, est surnommée la Reine des âpines en raison de son caractère des plus piquants.', b'1', 'FR', 'Qui est surnommée la \'\' Reine des âpines \'\' dans la série Game of Thrones ?', 'Série', 311),
(80, NULL, 'Confirmé', 'Dans Game of Thrones, le commerce des Immaculés est réservé aux huit familles les plus riches de la ville.', b'1', 'FR', 'Combien d\'Immaculés Daenerys décide-t-elle d\'acheter dans Game of Thrones ?', 'Série', 315),
(81, NULL, 'Confirmé', 'Le cheval est leur principale divinité, mais la Lune et le Soleil font également partie de leur panthéon.', b'1', 'FR', 'Â quoi reconnaît-on la force d\'un Dothraki dans la saga Game of Thrones ?', 'Série', 319),
(82, NULL, 'Expert', 'Le visage aux traits ravinés et burinés de Benjen Stark contraste avec son regard gris-bleu rieur.', b'1', 'FR', 'Quel titre possède Benjen Stark, l\'oncle de Jon Snow dans la série Game of Thrones ?', 'Série', 323),
(83, NULL, 'Expert', 'Aiguille est une épée de spadassin en acier château à la lame bleue-noire forgée par Mikken le forgeron de Winterfell.', b'1', 'FR', 'Quelle épée Jon offre-t-il à Arya dans la série télévisée Game of Thrones ?', 'Série', 327),
(84, NULL, 'Expert', 'Une pâte de germe de Barral a donné à Bran la capacité de se glisser et de voir à travers les yeux des arbres.', b'1', 'FR', 'Comment se nomme le loup de Bran, fils cadet de Catelyn dans Game of Thrones ?', 'Série', 331),
(85, NULL, 'Expert', 'Le mutisme de Lord Rickard Karstark est souvent synonyme de grande défiance et de colère contenue.', b'1', 'FR', 'Dans Game of Thrones, qui assassine Willem Lannister et Tion Frey dans leur cachot ?', 'Série', 335),
(86, NULL, 'Expert', 'Arya est une jeune fille d\'une dizaine d\'années qui préfère l\'escrime et l\'équitation à la couture.', b'1', 'FR', 'Quel loup-garou surgit pour défendre Arya dans la saison 4 de Game of Thrones ?', 'Série', 339),
(87, NULL, 'Expert', 'Roxanne McKee est l\'actrice britannique incarnant le personnage de Doreah dans Game of Thrones.', b'1', 'FR', 'Quelle servante apprend à Daenerys l\'art féminin de l\'amour dans la série Game of Thrones ?', 'Série', 343),
(88, NULL, 'Expert', 'Né en l\'an 285, Mycah est un garân boucher, compagnon de jeu d\'Arya Stark.', b'1', 'FR', 'Dans Game of Thrones, qui retrouve Mycah et le tue en le tranchant quasiment en deux ?', 'Série', 347),
(89, NULL, 'Expert', 'Vivant au-delà du Mur, il lui manque une oreille et sa dentition est pourrie.', b'1', 'FR', 'Qui est Craster dans la saga Game of Thrones ?', 'Série', 351),
(90, NULL, 'Expert', 'Jeor Mormont, surnommé le \'\' Vieil Ours \'\', est le Lord Commandant des combattants ayant juré de défendre le Mur.', b'1', 'FR', 'Qui tue Lord Jeor Mormont lors d\'une mutinerie dans la série Game of Thrones ?', 'Série', 355),
(91, NULL, 'Expert', 'Béric Dondarrion est décrit comme un jeune homme séduisant et frivole, aux cheveux roux dorés.', b'1', 'FR', 'Dans Game of Thrones, qui ramène à chaque fois à la vie Béric Dondarrion grâce à la magie ?', 'Série', 359),
(92, NULL, 'Débutant', 'Préfet de la Seine, il a donné son nom aux poubelles à travers ses décisions pour améliorer l\'hygiène de la ville de Paris.', b'1', 'FR', 'Qui a réussi à imposer la commercialisation de la poubelle ?', 'Invention', 363),
(93, NULL, 'Débutant', 'En 1950, Alfred Kastler proposa un procédé de pompage optique qu\'il valida expérimentalement deux ans plus tard.', b'1', 'FR', 'Laquelle de ces inventions ne porte pas le nom de son inventeur ?', 'Invention', 367),
(94, NULL, 'Débutant', 'Ce concours-exposition de jouets était principalement destiné à sortir les petits fabricants du marasme économique ambiant.', b'1', 'FR', 'Quelle compétition prime chaque année les meilleures inventions françaises ?', 'Invention', 371),
(95, NULL, 'Débutant', 'Le jeu a été commercialisé en France sous le nom Remue-méninges avant de connaître le succès que nous lui connaissons.', b'1', 'FR', 'Quel jeu de société international Chris Haney et Scott Abbott ont-ils créé ?', 'Invention', 375),
(96, NULL, 'Débutant', 'La dynamite a été très utilisée, notamment dans l\'industrie minière, jusqu\'à son remplacement par des explosifs plus puissants.', b'1', 'FR', 'Qui a inventé la dynamite au moyen de la nitroglycérine ?', 'Invention', 379),
(97, NULL, 'Débutant', 'La pasteurisation est un procédé de conservation des aliments par lequel ceux-ci sont chauffés puis rapidement refroidis.', b'1', 'FR', 'Quel biologiste français a inventé la pasteurisation de la bière ?', 'Invention', 383),
(98, NULL, 'Débutant', 'Léonard de Vinci a fait progresser la connaissance dans les domaines de l\'anatomie, du génie civil, de l\'optique et de l\'hydrodynamique.', b'1', 'FR', 'Quel inventeur italien a conu à la fin du XVe siècle un canon et un parachute ?', 'Invention', 387),
(99, NULL, 'Débutant', 'Â l\'origine, le cerf-volant servait de signal, mais aussi à porter des messages, à effrayer les ennemis ou à évaluer des distances.', b'1', 'FR', 'Selon des textes anciens, dans quel pays a-t-on inventé le cerf-volant ?', 'Invention', 391),
(100, NULL, 'Débutant', 'En 1966, Mary Quant fut promue Officier de l\'Ordre de l\'Empire britannique pour services rendus à l\'industrie de la mode.', b'1', 'FR', 'En quelle année la couturière Mary Quant a-t-elle inventé la minijupe ?', 'Invention', 395),
(101, NULL, 'Débutant', 'John Law recommanda l\'utilisation de papier-monnaie plutât que de monnaie métallique afin de faciliter le commerce et l\'investissement.', b'1', 'FR', 'Quel billet le banquier Law a-t-il inventé au XVIIIe siècle ?', 'Invention', 399),
(102, NULL, 'Confirmé', 'Le terme \'\' Ordinateur \'\' voulait dire, selon les intentions du docteur en lettres, \'\' Dieu mettant de l\'ordre dans le monde \'\'.', b'1', 'FR', 'Quel terme fut inventé en 1955 par le philologue français Jacques Perret ?', 'Invention', 403),
(103, NULL, 'Confirmé', 'Ce procédé certes rudimentaire permettait d\'éloigner l\'oreille du médecin de son patient pour des raisons de pudeur et d\'efficacité.', b'1', 'FR', 'Quel français a inventé le stéthoscope, alors une simple liasse de papiers roulés ?', 'Invention', 407),
(104, NULL, 'Confirmé', 'Du transport de matériel scolaire aux utilisations sportives ou professionnelles, chaque sac à dos est adapté à son utilisation.', b'1', 'FR', 'Quelle grande marque inventa en 1936 le sac à dos aux nombreuses applications ?', 'Invention', 411),
(105, NULL, 'Confirmé', 'Malgré de nombreuses difficultés, Charles Darrow réussit finalement à faire éditer son jeu par la société Parker Brothers en 1935.', b'1', 'FR', 'Charles Darrow, inventeur du jeu de Monopoly, était lors de son invention en 1935...', 'Invention', 415),
(106, NULL, 'Confirmé', 'Â l\'origine, le terme \'\' pile \'\' désignait un dispositif inventé par Alessandro Volta, composé d\'un empilement de rondelles.', b'1', 'FR', 'Quel savant italien a découvert le principe de la pile électrique ?', 'Invention', 419),
(107, NULL, 'Confirmé', 'Par sa méthode de conservation, Nicolas Appert a créé en France la première usine de conserves au monde.', b'1', 'FR', 'Quelle invention Nicolas Appert a-t-il mise au point pour les armées de Napoléon ?', 'Invention', 423),
(108, NULL, 'Confirmé', 'Bien que le CD ait supplanté la cassette audio, on peut encore en trouver des exemplaires vierges dans beaucoup d\'enseignes.', b'1', 'FR', 'Quelle marque a inventé la cassette audio ou minicassette ?', 'Invention', 427),
(109, NULL, 'Confirmé', '\' Père de la Médecine \'\', son école de médecine hippocratique a intellectuellement révolutionné la pratique de la médecine.', b'1', 'FR', 'Quel célèbre médecin a conu une table de correspondance entre les rêves et les organes ?', 'Invention', 431),
(110, NULL, 'Confirmé', 'La dynamo est une machine à courant continu fonctionnant en générateur électrique par induction électromagnétique.', b'1', 'FR', 'Â qui doit-on le prototype de la première dynamo industrielle réalisé en 1869 ?', 'Invention', 435),
(111, NULL, 'Confirmé', 'Un baromètre, pouvant aussi servir d\'altimètre, est un instrument de mesure servant à mesurer la pression atmosphérique.', b'1', 'FR', 'Quel physicien et mathématicien italien a inventé le baromètre en 1643 ?', 'Invention', 439),
(112, NULL, 'Expert', 'En 1879, les 38 lignes d\'omnibus de Paris requéraient l\'entretien pharaonique de pas moins de 16 500 chevaux.', b'1', 'FR', 'Quel ingénieur écossais fut le premier à utiliser le terme \'\' cheval-vapeur \'\' ?', 'Invention', 443),
(113, NULL, 'Expert', 'Le boudin noir est fabriqué à partir de sang et de graisse de porc, et, dans une moindre mesure, de sang de mouton ou de chèvre.', b'1', 'FR', 'Selon la légende, quelle spécialité le grec Aphtonite aurait-il inventée ?', 'Invention', 447),
(114, NULL, 'Expert', 'Douglas Carl Engelbart a déposé 21 brevets au total, dont un pour sa souris en 1967 qu\'il reât en 1970.', b'1', 'FR', 'Quelle société a inventé (et pas breveté) la souris de votre ordinateur ?', 'Invention', 451),
(115, NULL, 'Expert', 'Le génie de Samuel Morse fut de concevoir une machine simple, efficace, bon marché et robuste à la fois.', b'1', 'FR', 'Quel était le véritable métier de Samuel Morse, qui déposa en 1840 le brevet du télégraphe ?', 'Invention', 455),
(116, NULL, 'Expert', 'Durant sa jeunesse, James Naismith était un gymnaste et un joueur de football canadien de haut niveau à l\'université McGill.', b'1', 'FR', 'Quel docteur et professeur en médecine est surtout connu pour avoir inventé le basket-ball ?', 'Invention', 459),
(117, NULL, 'Expert', 'Le nom de la société fut créé par Ole Kirk Christiansen en 1932, à partir du danois \'\' leg godt \'\', signifiant \'\' joue bien \'\'.', b'1', 'FR', 'Dans quel pays le Lego a-t-il été inventé par un charpentier ?', 'Invention', 463),
(118, NULL, 'Expert', 'Roland Moreno a reçu pour son invention de la carte à puce l\'Oscar du livre mondial des inventions en 1985.', b'1', 'FR', 'Quel inventeur français a mis au point la première carte à puce ?', 'Invention', 467),
(119, NULL, 'Expert', 'Thomas Edison employa au cours de sa vie plus de 35 000 personnes dans son \'\' empire industriel \'\' fondé sur l\'électricité.', b'1', 'FR', 'Combien de brevets furent déposés par Thomas Edison au cours de sa vie ?', 'Invention', 471),
(120, NULL, 'Expert', 'Il le présenta en 1946 à la piscine Molitor, porté par Micheline Bernardini, une danseuse nue bien connue du Casino de Paris.', b'1', 'FR', 'Louis Réard a inventé le bikini, mais quel était son véritable métier ?', 'Invention', 475),
(121, NULL, 'Expert', 'Le carburateur permet de préparer un mélange d\'air et de carburant pour constituer un mélange de richesse adéquate.', b'1', 'FR', 'Quelle était la nationalité des deux ingénieurs inventeurs du carburateur ?', 'Invention', 479),
(122, 'https://www.youtube.com/watch?v=ajVF_BF0a-0', 'Débutant', 'Chanter par Jeanne Mas dans l\'album Femmes d\'aujourd\'hui paru en 1986', b'1', 'FR', 'Quel est le nom de cette musique ?', 'Blind test 80-90', 483),
(123, 'https://www.youtube.com/watch?v=qeMFqkcPYcg', 'Débutant', 'Par le groupe Eurythmics dans leur album Sweet Dreams paru en 1983', b'1', 'FR', 'Quel est le nom de cette musique ?', 'Blind test 80-90', 487),
(124, 'https://www.youtube.com/watch?v=CYpYi9bLloE', 'Débutant', 'Chanter par Sabrina Salerno dans l\'album Sabrina paru en 1987', b'1', 'FR', 'Quel est le nom de cette musique ?', 'Blind test 80-90', 491),
(125, 'https://www.youtube.com/watch?v=OBrJC2cQ7-g', 'Débutant', 'Le chanteur s\'est lancé dans la musique grâce au Beattles', b'1', 'FR', 'Quel est le nom du chanteur ?', 'Blind test 80-90', 495),
(126, 'https://www.youtube.com/watch?v=_NJQRdHBuco', 'Débutant', 'Chanter par Daniel Balavoine dans l\'album Un autre monde paru en 1980', b'1', 'FR', 'Quel est le nom de cette musique ?', 'Blind test 80-90', 499),
(127, 'https://www.youtube.com/watch?v=qM5W7Xn7FiA', 'Débutant', 'Par le groupe 2 Unlimited dans leur album No Limits paru en 1993', b'1', 'FR', 'Quel est le nom de cette musique ?', 'Blind test 80-90', 503),
(128, 'https://www.youtube.com/watch?v=p_ZxDNZjzVk', 'Confirmé', 'Par le groupe Images dans leur album L\'Album d\'Images paru en 1986', b'1', 'FR', 'Quel est le nom du groupe ?', 'Blind test 80-90', 507),
(129, 'https://www.youtube.com/watch?v=LrgCGtMFeyU', 'Confirmé', 'Par le groupe Aqua dans leur album Aquarium paru en 1997', b'1', 'FR', 'Quel est le nom de cette musique ?', 'Blind test 80-90', 511),
(130, 'https://www.youtube.com/watch?v=IRvGZffXhfk', 'Confirmé', 'Par le groupe ATC dans leur album Planet Pop paru en 2001', b'1', 'FR', 'Quel est le nom de cette musique ?', 'Blind test 80-90', 515),
(131, 'https://www.youtube.com/watch?v=-oz9AlmdW0U', 'Confirmé', 'Chanter par Céline Dion dans l\'album D\'eux paru en 1995', b'1', 'FR', 'Quel est le nom de cette musique ?', 'Blind test 80-90', 519),
(132, 'https://www.youtube.com/watch?v=TnfHdZrmMAw', 'Confirmé', 'Par le groupe Imagination dans leur album In the Heat of the Night paru en 1982', b'1', 'FR', 'Quel est le nom de cette musique ?', 'Blind test 80-90', 523),
(133, 'https://www.youtube.com/watch?v=4GtyMeEcPPE', 'Confirmé', 'Chanter par Diana Ross dans l\'album Diana paru en 1980', b'1', 'FR', 'Quel est le nom de cette musique ?', 'Blind test 80-90', 527),
(134, 'https://www.youtube.com/watch?v=T7YJoGXs2i8', 'Expert', 'Par l\'artiste Desireless de l\'album François', b'1', 'FR', 'Quelle est l\'année de parution de cette chanson', 'Blind test 80-90', 531),
(135, 'https://www.youtube.com/watch?v=3V726_HShyY', 'Expert', 'Par le chanteur George Michael', b'1', 'FR', 'Quel est le nom de cette musique ?', 'Blind test 80-90', 535),
(136, 'https://occ-0-2433-444.1.nflxso.net/art/ec9bc/4bf2bf91cde41c879e26e438751cdf4df7aec9bc.jpg', 'Débutant', '', b'1', 'FR', 'De quel anime provient cette image ?', 'Anime', 539),
(137, 'http://cramgaming.com/wp-content/uploads/ngg_featured/dbz-battle-of-z_bmuploads_2013-09-18_5352_boz_op_192.jpg', 'Débutant', '', b'1', 'FR', 'A quel anime appartient ce personnage ?', 'Anime', 543),
(138, 'https://i0.wp.com/www.fatosdesconhecidos.com.br/wp-content/uploads/2017/10/img-1.jpg?resize=900,420', 'Débutant', '', b'1', 'FR', 'De quel anime provient cette image ?', 'Anime', 547),
(139, 'https://avante.biz/wp-content/uploads/Wallpapers-With-Your-Name/Wallpapers-With-Your-Name-001.jpg', 'Débutant', '', b'1', 'FR', 'De quel film provient cette image ?', 'Anime', 551),
(140, 'https://i.ytimg.com/vi/931XFrC4yl4/maxresdefault.jpg', 'Débutant', '', b'1', 'FR', 'De quel anime provient cette image ?', 'Anime', 555),
(141, 'https://vignette.wikia.nocookie.net/gintama/images/9/95/Personajes_portada.jpg/revision/latest/scale-to-width-down/670?cb=20150928184917&path-prefix=es', 'Débutant', '', b'1', 'FR', 'De quel anime provient cette image ?', 'Anime', 559),
(142, 'https://nefariousreviews.files.wordpress.com/2017/03/your-lie-in-april-featured.jpg?w=672&h=372&crop=1', 'Débutant', '', b'1', 'FR', 'De quel anime provient cette image ?', 'Anime', 563),
(143, 'https://www.nautiljon.com/images/galerie/10/11/no_game_no_life_866711.jpg', 'Confirmé', '', b'1', 'FR', 'De quel anime provient cette image ?', 'Anime', 567),
(144, 'https://usercontent2.hubstatic.com/12857763.jpg', 'Confirmé', '', b'1', 'FR', 'De quel anime provient cette image ?', 'Anime', 571),
(145, 'https://i.ytimg.com/vi/DvZ0AesMoMU/maxresdefault.jpg', 'Confirmé', '', b'1', 'FR', 'De quel anime provient cette image ?', 'Anime', 575),
(146, 'https://i.ytimg.com/vi/9HJhr9GSklw/maxresdefault.jpg', 'Expert', '', b'1', 'FR', 'De quel film provient cette image ?', 'Anime', 579),
(147, 'https://data.whicdn.com/images/193909998/original.gif', 'Expert', 'L\'une des personnages principaux de l\'anime The testament of sister new devil burst', b'1', 'FR', 'Qui est ce personnage ?', 'Anime', 583);

-- --------------------------------------------------------

--
-- Structure de la table `question_reponse`
--

DROP TABLE IF EXISTS `question_reponse`;
CREATE TABLE IF NOT EXISTS `question_reponse` (
  `Question_id` int(11) NOT NULL,
  `listRep_id` int(11) NOT NULL,
  UNIQUE KEY `UK_96e9f475bch4rxb0r1q3p26uj` (`listRep_id`),
  KEY `FKtmjw67hkiu11upekaup8hvnq` (`Question_id`)
) ENGINE=MyISAM DEFAULT CHARSET=latin1;

--
-- Déchargement des données de la table `question_reponse`
--

INSERT INTO `question_reponse` (`Question_id`, `listRep_id`) VALUES
(1, 1),
(1, 2),
(2, 3),
(2, 4),
(2, 5),
(2, 6),
(3, 8),
(3, 9),
(3, 10),
(3, 7),
(4, 11),
(4, 12),
(4, 13),
(4, 14),
(5, 15),
(5, 16),
(5, 17),
(5, 18),
(6, 20),
(6, 21),
(6, 19),
(6, 22),
(7, 23),
(7, 24),
(7, 25),
(7, 26),
(8, 28),
(8, 29),
(8, 30),
(8, 27),
(9, 31),
(9, 32),
(9, 33),
(9, 34),
(10, 36),
(10, 37),
(10, 38),
(10, 35),
(11, 39),
(11, 40),
(11, 41),
(11, 42),
(12, 44),
(12, 45),
(12, 43),
(12, 46),
(13, 48),
(13, 49),
(13, 47),
(13, 50),
(14, 52),
(14, 51),
(14, 53),
(14, 54),
(15, 55),
(15, 56),
(15, 57),
(15, 58),
(16, 59),
(16, 60),
(16, 61),
(16, 62),
(17, 64),
(17, 65),
(17, 63),
(17, 66),
(18, 68),
(18, 69),
(18, 67),
(18, 70),
(19, 72),
(19, 73),
(19, 71),
(19, 74),
(20, 76),
(20, 77),
(20, 75),
(20, 78),
(21, 80),
(21, 79),
(21, 81),
(21, 82),
(22, 83),
(22, 84),
(22, 85),
(22, 86),
(23, 88),
(23, 87),
(23, 89),
(23, 90),
(24, 92),
(24, 93),
(24, 91),
(24, 94),
(25, 96),
(25, 95),
(25, 97),
(25, 98),
(26, 100),
(26, 101),
(26, 99),
(26, 102),
(27, 103),
(27, 104),
(27, 105),
(27, 106),
(28, 107),
(28, 108),
(28, 109),
(28, 110),
(29, 112),
(29, 113),
(29, 114),
(29, 111),
(30, 116),
(30, 115),
(30, 117),
(30, 118),
(31, 120),
(31, 121),
(31, 119),
(31, 122),
(32, 124),
(32, 123),
(32, 125),
(32, 126),
(33, 128),
(33, 127),
(33, 129),
(33, 130),
(34, 132),
(34, 133),
(34, 134),
(34, 131),
(35, 136),
(35, 137),
(35, 138),
(35, 135),
(36, 140),
(36, 139),
(36, 141),
(36, 142),
(37, 144),
(37, 145),
(37, 146),
(37, 143),
(38, 147),
(38, 148),
(38, 149),
(38, 150),
(39, 152),
(39, 151),
(39, 153),
(39, 154),
(40, 155),
(40, 156),
(40, 157),
(40, 158),
(41, 160),
(41, 161),
(41, 159),
(41, 162),
(42, 164),
(42, 165),
(42, 163),
(42, 166),
(43, 168),
(43, 169),
(43, 170),
(43, 167),
(44, 172),
(44, 173),
(44, 171),
(44, 174),
(45, 176),
(45, 175),
(45, 177),
(45, 178),
(46, 180),
(46, 179),
(46, 181),
(46, 182),
(47, 184),
(47, 183),
(47, 185),
(47, 186),
(48, 187),
(48, 188),
(48, 189),
(48, 190),
(49, 192),
(49, 193),
(49, 194),
(49, 191),
(50, 195),
(50, 196),
(50, 197),
(50, 198),
(51, 200),
(51, 199),
(51, 201),
(51, 202),
(52, 203),
(52, 204),
(52, 205),
(52, 206),
(53, 207),
(53, 208),
(53, 209),
(53, 210),
(54, 211),
(54, 212),
(54, 213),
(54, 214),
(55, 216),
(55, 217),
(55, 215),
(55, 218),
(56, 220),
(56, 219),
(56, 221),
(56, 222),
(57, 224),
(57, 225),
(57, 223),
(57, 226),
(58, 228),
(58, 227),
(58, 229),
(58, 230),
(59, 232),
(59, 231),
(59, 233),
(59, 234),
(60, 236),
(60, 237),
(60, 235),
(60, 238),
(61, 240),
(61, 241),
(61, 239),
(61, 242),
(62, 244),
(62, 243),
(62, 245),
(62, 246),
(63, 248),
(63, 247),
(63, 249),
(63, 250),
(64, 252),
(64, 251),
(64, 253),
(64, 254),
(65, 256),
(65, 255),
(65, 257),
(65, 258),
(66, 260),
(66, 261),
(66, 262),
(66, 259),
(67, 264),
(67, 265),
(67, 263),
(67, 266),
(68, 267),
(68, 268),
(68, 269),
(68, 270),
(69, 271),
(69, 272),
(69, 273),
(69, 274),
(70, 275),
(70, 276),
(70, 277),
(70, 278),
(71, 280),
(71, 279),
(71, 281),
(71, 282),
(72, 284),
(72, 283),
(72, 285),
(72, 286),
(73, 288),
(73, 289),
(73, 287),
(73, 290),
(74, 292),
(74, 293),
(74, 294),
(74, 291),
(75, 296),
(75, 297),
(75, 298),
(75, 295),
(76, 300),
(76, 301),
(76, 302),
(76, 299),
(77, 303),
(77, 304),
(77, 305),
(77, 306),
(78, 308),
(78, 309),
(78, 310),
(78, 307),
(79, 311),
(79, 312),
(79, 313),
(79, 314),
(80, 316),
(80, 315),
(80, 317),
(80, 318),
(81, 319),
(81, 320),
(81, 321),
(81, 322),
(82, 324),
(82, 323),
(82, 325),
(82, 326),
(83, 328),
(83, 329),
(83, 330),
(83, 327),
(84, 332),
(84, 333),
(84, 331),
(84, 334),
(85, 336),
(85, 337),
(85, 335),
(85, 338),
(86, 340),
(86, 341),
(86, 339),
(86, 342),
(87, 344),
(87, 343),
(87, 345),
(87, 346),
(88, 347),
(88, 348),
(88, 349),
(88, 350),
(89, 351),
(89, 352),
(89, 353),
(89, 354),
(90, 356),
(90, 357),
(90, 358),
(90, 355),
(91, 359),
(91, 360),
(91, 361),
(91, 362),
(92, 364),
(92, 363),
(92, 365),
(92, 366),
(93, 368),
(93, 367),
(93, 369),
(93, 370),
(94, 372),
(94, 373),
(94, 371),
(94, 374),
(95, 376),
(95, 377),
(95, 375),
(95, 378),
(96, 379),
(96, 380),
(96, 381),
(96, 382),
(97, 384),
(97, 383),
(97, 385),
(97, 386),
(98, 388),
(98, 389),
(98, 387),
(98, 390),
(99, 392),
(99, 391),
(99, 393),
(99, 394),
(100, 396),
(100, 397),
(100, 398),
(100, 395),
(101, 400),
(101, 401),
(101, 402),
(101, 399),
(102, 403),
(102, 404),
(102, 405),
(102, 406),
(103, 407),
(103, 408),
(103, 409),
(103, 410),
(104, 412),
(104, 411),
(104, 413),
(104, 414),
(105, 416),
(105, 417),
(105, 418),
(105, 415),
(106, 420),
(106, 421),
(106, 422),
(106, 419),
(107, 424),
(107, 425),
(107, 426),
(107, 423),
(108, 427),
(108, 428),
(108, 429),
(108, 430),
(109, 432),
(109, 431),
(109, 433),
(109, 434),
(110, 436),
(110, 435),
(110, 437),
(110, 438),
(111, 440),
(111, 441),
(111, 442),
(111, 439),
(112, 444),
(112, 445),
(112, 446),
(112, 443),
(113, 448),
(113, 449),
(113, 450),
(113, 447),
(114, 452),
(114, 451),
(114, 453),
(114, 454),
(115, 456),
(115, 455),
(115, 457),
(115, 458),
(116, 460),
(116, 461),
(116, 459),
(116, 462),
(117, 464),
(117, 465),
(117, 463),
(117, 466),
(118, 468),
(118, 469),
(118, 467),
(118, 470),
(119, 472),
(119, 473),
(119, 471),
(119, 474),
(120, 476),
(120, 477),
(120, 475),
(120, 478),
(121, 480),
(121, 481),
(121, 479),
(121, 482),
(122, 484),
(122, 483),
(122, 485),
(122, 486),
(123, 487),
(123, 488),
(123, 489),
(123, 490),
(124, 492),
(124, 491),
(124, 493),
(124, 494),
(125, 496),
(125, 497),
(125, 495),
(125, 498),
(126, 500),
(126, 499),
(126, 501),
(126, 502),
(127, 504),
(127, 505),
(127, 503),
(127, 506),
(128, 508),
(128, 509),
(128, 507),
(128, 510),
(129, 512),
(129, 513),
(129, 514),
(129, 511),
(130, 516),
(130, 515),
(130, 517),
(130, 518),
(131, 520),
(131, 521),
(131, 522),
(131, 519),
(132, 524),
(132, 525),
(132, 523),
(132, 526),
(133, 528),
(133, 527),
(133, 529),
(133, 530),
(134, 532),
(134, 531),
(134, 533),
(134, 534),
(135, 536),
(135, 535),
(135, 537),
(135, 538),
(136, 539),
(136, 540),
(136, 541),
(136, 542),
(137, 544),
(137, 545),
(137, 543),
(137, 546),
(138, 548),
(138, 549),
(138, 550),
(138, 547),
(139, 552),
(139, 553),
(139, 554),
(139, 551),
(140, 555),
(140, 556),
(140, 557),
(140, 558),
(141, 560),
(141, 561),
(141, 562),
(141, 559),
(142, 564),
(142, 565),
(142, 566),
(142, 563),
(143, 568),
(143, 569),
(143, 567),
(143, 570),
(144, 572),
(144, 573),
(144, 571),
(144, 574),
(145, 576),
(145, 575),
(145, 577),
(145, 578),
(146, 580),
(146, 581),
(146, 579),
(146, 582),
(147, 584),
(147, 585),
(147, 583),
(147, 586);

-- --------------------------------------------------------

--
-- Structure de la table `reponse`
--

DROP TABLE IF EXISTS `reponse`;
CREATE TABLE IF NOT EXISTS `reponse` (
  `id` int(11) NOT NULL AUTO_INCREMENT,
  `libelle` varchar(255) DEFAULT NULL,
  PRIMARY KEY (`id`)
) ENGINE=MyISAM AUTO_INCREMENT=587 DEFAULT CHARSET=latin1;

--
-- Déchargement des données de la table `reponse`
--

INSERT INTO `reponse` (`id`, `libelle`) VALUES
(1, 'Vrai'),
(2, 'Faux'),
(3, 'Word'),
(4, 'PowerPoint'),
(5, 'Access'),
(6, 'Excel'),
(7, 'Tableur'),
(8, 'Traitement de texte'),
(9, 'Navigateur internet'),
(10, 'Client de messagerie'),
(11, 'Un bug'),
(12, 'Un crack'),
(13, 'Un virus'),
(14, 'Un spam'),
(15, 'Windows 8'),
(16, 'Windows 7'),
(17, 'Windows Mobile'),
(18, 'Windows CE'),
(19, 'PAO'),
(20, 'CIO'),
(21, 'USB'),
(22, 'VGA'),
(23, 'iTunes'),
(24, 'QuickTime'),
(25, 'HyperCard'),
(26, 'FileMaker'),
(27, 'Un tableur'),
(28, 'Un débogueur'),
(29, 'Un navigateur'),
(30, 'Un explorateur'),
(31, 'Un hacker'),
(32, 'Un blagueur'),
(33, 'Un pirateur'),
(34, 'Un forceur'),
(35, 'Des navigateurs'),
(36, 'Des éditeurs'),
(37, 'Des émulateurs'),
(38, 'Des tableurs'),
(39, 'Google Agenda'),
(40, 'Google Mobile'),
(41, 'Google TimeLine'),
(42, 'Google Tempo'),
(43, 'Microsoft'),
(44, 'Facebook'),
(45, 'Google'),
(46, 'Apple'),
(47, 'Linux'),
(48, 'Mac OS'),
(49, 'MS-DOS'),
(50, 'Windows'),
(51, 'Google Apps'),
(52, 'Google Mac'),
(53, 'Google Pro'),
(54, 'Google Serve'),
(55, 'Un freeware'),
(56, 'Un software'),
(57, 'Un adware'),
(58, 'Un malware'),
(59, 'Instagram'),
(60, 'Globalnet'),
(61, 'Backelite'),
(62, 'Valve'),
(63, 'Courriel'),
(64, 'Lettrinter'),
(65, 'Emel'),
(66, 'Copitel'),
(67, 'Skype'),
(68, 'QuickTime'),
(69, 'Pidgin'),
(70, 'Instagram'),
(71, 'Internet Explorer'),
(72, 'Firefox'),
(73, 'Safari'),
(74, 'Chrome'),
(75, 'Un antivirus'),
(76, 'Un chat'),
(77, 'Une messagerie'),
(78, 'Un navigateur'),
(79, 'Benoît XVI'),
(80, 'Paul VI'),
(81, 'François'),
(82, 'Jean-Paul II'),
(83, 'Thunderbird'),
(84, 'Incredimail'),
(85, 'Sylpheed'),
(86, 'Foxmail'),
(87, 'Office 365'),
(88, 'OpenOffice'),
(89, 'KOffice'),
(90, 'StarOffice'),
(91, 'Janus'),
(92, 'Opus'),
(93, 'Uranus'),
(94, 'Startus'),
(95, 'Onedrive'),
(96, 'Dropbox'),
(97, 'MediaFire'),
(98, 'RapidShare'),
(99, 'Pidgin'),
(100, 'iShare'),
(101, 'Komunnity'),
(102, 'Connect'),
(103, 'Google Documents'),
(104, 'OpenOffice'),
(105, 'Works'),
(106, 'Google Sites'),
(107, 'Norvège'),
(108, 'France'),
(109, 'Italie'),
(110, 'Autriche'),
(111, 'Acrobat Reader'),
(112, 'Mozilla Firefox'),
(113, 'Internet Explorer'),
(114, 'Google Chrome'),
(115, '35 milliards'),
(116, '15 milliards'),
(117, '5 milliards'),
(118, '25 milliards'),
(119, 'Le 23 mars 2001'),
(120, 'Le 15 janvier 2002'),
(121, 'Le 8 décembre 2000'),
(122, 'Le 2 janvier 1999'),
(123, 'Une fleur'),
(124, 'Une racine'),
(125, 'Une branche'),
(126, 'Une feuille'),
(127, 'Le verger'),
(128, 'Le potager'),
(129, 'La jardinière'),
(130, 'La friche'),
(131, 'Les fruits secs'),
(132, 'Les fruits tempérés'),
(133, 'Les fruits rouges'),
(134, 'Les fruits AOC'),
(135, 'Le cerisier'),
(136, 'Le châtaignier'),
(137, 'Le grenadier'),
(138, 'Le pêcher'),
(139, 'Le pêcher'),
(140, 'Le citronnier'),
(141, 'Le poirier'),
(142, 'Le cerisier'),
(143, 'Le noisetier'),
(144, 'Le cocotier'),
(145, 'Le cerisier'),
(146, 'Le manguier'),
(147, 'Le pommier'),
(148, 'Le cerisier'),
(149, 'Le poirier'),
(150, 'Le pêcher'),
(151, 'Le prunier'),
(152, 'Le cognassier'),
(153, 'Le châtaignier'),
(154, 'Le cerisier'),
(155, 'L\'amande'),
(156, 'La cerise'),
(157, 'La noisette'),
(158, 'La mâre'),
(159, 'Le citronnier'),
(160, 'Le cerisier'),
(161, 'Le châtaignier'),
(162, 'Le pêcher'),
(163, 'Le châtaignier'),
(164, 'Le noisetier'),
(165, 'Le prunier'),
(166, 'Le cerisier'),
(167, 'Fruiticulture'),
(168, 'Floriculture'),
(169, 'Fruviculture'),
(170, 'Graniculture'),
(171, 'Forestiers'),
(172, 'Charnus'),
(173, 'Tempérés'),
(174, 'Secs'),
(175, 'Les pucerons'),
(176, 'Les termites'),
(177, 'Les scolytes'),
(178, 'Les criquets'),
(179, 'Le merle'),
(180, 'La perruche'),
(181, 'Le colibri'),
(182, 'La buse'),
(183, 'La mésange'),
(184, 'Le hibou'),
(185, 'Le héron'),
(186, 'Le coucou'),
(187, 'Abricotier'),
(188, 'Goyavier'),
(189, 'Tamarinier'),
(190, 'Cerisier'),
(191, 'La greffe'),
(192, 'Le bouturage'),
(193, 'La germination'),
(194, 'La pollinisation'),
(195, 'Le châtaignier'),
(196, 'Le mârier'),
(197, 'Le pommier'),
(198, 'Le noisetier'),
(199, 'Le brou'),
(200, 'Le pourpre'),
(201, 'Le carmin'),
(202, 'Le cramoisi'),
(203, 'Haute-tige'),
(204, 'Caudex'),
(205, 'Rhizome'),
(206, 'Mégaphylle'),
(207, 'Le noisetier'),
(208, 'Le bananier'),
(209, 'Le poirier'),
(210, 'Le mârier'),
(211, 'Les scolytes'),
(212, 'Les mineuses'),
(213, 'Les teignes'),
(214, 'Les bruches'),
(215, 'Enveloppe'),
(216, 'Cordon'),
(217, 'Plein vent'),
(218, 'Fuseau'),
(219, 'Amandier'),
(220, 'Poirier'),
(221, 'Pommier'),
(222, 'Noyer'),
(223, 'Le grenadier'),
(224, 'Le noyer'),
(225, 'Le bergamotier'),
(226, 'Le figuier'),
(227, 'Le cognassier'),
(228, 'Le cerisier'),
(229, 'Le pêcher'),
(230, 'Le châtaignier'),
(231, 'Le cognassier'),
(232, 'Le cocotier'),
(233, 'Le manguier'),
(234, 'Le jujubier'),
(235, 'La pêche'),
(236, 'La pomme'),
(237, 'La poire'),
(238, 'Le citron'),
(239, 'Le mârier'),
(240, 'Le bergamotier'),
(241, 'Le noyer'),
(242, 'Le figuier'),
(243, 'Un lion'),
(244, 'Un cheval'),
(245, 'Un ours'),
(246, 'Un aigle'),
(247, 'Daenerys'),
(248, 'Catelyn'),
(249, 'Arya'),
(250, 'Sansa'),
(251, '7'),
(252, '10'),
(253, '5'),
(254, '3'),
(255, 'Daenerys Targaryen'),
(256, 'Lisa Arryn'),
(257, 'Donan Martell'),
(258, 'Jon Arryn'),
(259, 'Décapité'),
(260, 'Brâlé vif'),
(261, 'Poignardé'),
(262, 'Pendu'),
(263, 'Le Mur'),
(264, 'La frontière'),
(265, 'La reine'),
(266, 'Le jardin'),
(267, 'Winterfell'),
(268, 'Port-Réal'),
(269, 'Corbois'),
(270, 'Valyria'),
(271, 'Reine'),
(272, 'Comtesse'),
(273, 'Princesse'),
(274, 'Duchesse'),
(275, 'Sansa'),
(276, 'Arya'),
(277, 'Catelyn'),
(278, 'Daenerys'),
(279, 'Bran'),
(280, 'Ned'),
(281, 'Craster'),
(282, 'Jon'),
(283, 'Le Donjon Rouge'),
(284, 'Les Murmures'),
(285, 'Fort Jaune'),
(286, 'Pointe-Vive'),
(287, 'Tyrion Lannister'),
(288, 'Theon Greyjoy'),
(289, 'Jaime Lannister'),
(290, 'Jon Snow'),
(291, 'Le limier / Le chien'),
(292, 'Le dragon'),
(293, 'Le lion'),
(294, 'Le brâlé'),
(295, 'Dent-de-Lion'),
(296, 'Coupe-lame'),
(297, 'Mangec?ur'),
(298, 'Grand-griffe'),
(299, 'Châteaunoir'),
(300, 'Tour Ombreuse'),
(301, 'Fort-Levant'),
(302, 'Noirlac'),
(303, 'Une corneille'),
(304, 'Un serpent'),
(305, 'Un dragon'),
(306, 'Une louve'),
(307, 'Noire'),
(308, 'Verte'),
(309, 'Blanche'),
(310, 'Rouge'),
(311, 'Olenna Tyrell'),
(312, 'Bethany Redwyne'),
(313, 'Cersei Lannister'),
(314, 'Lisa Arryn'),
(315, '10 000'),
(316, '5 000'),
(317, '20 000'),
(318, '15 000'),
(319, 'Son cheval'),
(320, 'Son dragon'),
(321, 'Ses cheveux'),
(322, 'Ses cicatrices'),
(323, 'Premier Patrouilleur'),
(324, 'Lord Commandant'),
(325, 'Premier Ingénieur'),
(326, 'Lord Intendant'),
(327, 'Aiguille'),
(328, 'Blanche'),
(329, 'Dard'),
(330, 'âté'),
(331, 'âté'),
(332, 'Broussaille'),
(333, 'Nymeria'),
(334, 'Fantâme'),
(335, 'Richard Karstark'),
(336, 'Robb Stark'),
(337, 'Catelyn Stark'),
(338, 'Harrion Karstark'),
(339, 'Nymeria'),
(340, 'Broussaille'),
(341, 'Fantâme'),
(342, 'Vent Gris'),
(343, 'Doreah'),
(344, 'Irri'),
(345, 'Mysaria'),
(346, 'Jhiqui'),
(347, 'Sandor Clegane'),
(348, 'Jory Cassel'),
(349, 'Jon Snow'),
(350, 'Jorah Mormont'),
(351, 'Un sauvageon'),
(352, 'Un roi'),
(353, 'Un dresseur'),
(354, 'Un garde de Nuit'),
(355, 'Ollo le Manchot'),
(356, 'Samwell Tarly'),
(357, 'Craster'),
(358, 'Fulk la Puce'),
(359, 'Thoros de Myr'),
(360, 'Azor Ahai'),
(361, 'Mélisandre'),
(362, 'Benerro'),
(363, 'Eugène Poubelle'),
(364, 'Bertrand Landrieu'),
(365, 'Louis Lépine'),
(366, 'Ferdinand Duval'),
(367, 'Le laser'),
(368, 'Le colt'),
(369, 'Le macadam'),
(370, 'La poubelle'),
(371, 'Le Concours Lépine'),
(372, 'Le Concours Novastar'),
(373, 'Le Concours Edison'),
(374, 'Le Concours Thomas'),
(375, 'Trivial Pursuit'),
(376, 'Puissance 4'),
(377, 'Monopoly'),
(378, 'Cluedo'),
(379, 'Alfred Nobel'),
(380, 'Albert Einstein'),
(381, 'Lavoisier'),
(382, 'Isaac Newton'),
(383, 'Louis Pasteur'),
(384, 'Maurice Fontaine'),
(385, 'Laurent Chabry'),
(386, 'Thomas Preat'),
(387, 'Léonard de Vinci'),
(388, 'Alessandro Volta'),
(389, 'Roberto Galletti'),
(390, 'Ettore Bugatti'),
(391, 'En Chine'),
(392, 'Au Mexique'),
(393, 'En Inde'),
(394, 'Aux États-Unis'),
(395, '1964'),
(396, '1954'),
(397, '1944'),
(398, '1974'),
(399, 'Le billet de banque'),
(400, 'Le billet doux'),
(401, 'Le billet notarial'),
(402, 'Le billet de loterie'),
(403, 'Ordinateur'),
(404, 'Ampoule'),
(405, 'Transistor'),
(406, 'Imprimante'),
(407, 'René Laennec'),
(408, 'Léon Binet'),
(409, 'Louis Braille'),
(410, 'Louis Pasteur'),
(411, 'Lafuma'),
(412, 'Adidas'),
(413, 'Puma'),
(414, 'Lacoste'),
(415, 'Au châmage'),
(416, 'Banquier'),
(417, 'En prison'),
(418, 'Agent immobilier'),
(419, 'Volta'),
(420, 'Turriano'),
(421, 'Marconi'),
(422, 'Bugatti'),
(423, 'La conserve'),
(424, 'Le ceinturon'),
(425, 'Le tissu imperméable'),
(426, 'Le lit de camp'),
(427, 'Philips'),
(428, 'Sony'),
(429, 'BASF'),
(430, 'Fuji'),
(431, 'Hippocrate'),
(432, 'Pythagore'),
(433, 'Pilate'),
(434, 'Icare'),
(435, 'Zénobe Gramme'),
(436, 'Victor Simon'),
(437, 'Frédéric Neuhaus'),
(438, 'John Cockerill'),
(439, 'Evangelista Torricelli'),
(440, 'Pietro Blaserna'),
(441, 'Orazio Grassi'),
(442, 'Giuseppe Piazzi'),
(443, 'James Watt'),
(444, 'Henry Dyer'),
(445, 'Alexander Thom'),
(446, 'William Rankine'),
(447, 'Le boudin noir'),
(448, 'Le saucisson'),
(449, 'Le jambon cru'),
(450, 'Les rillettes'),
(451, 'Xerox'),
(452, 'IBM'),
(453, 'Microsoft'),
(454, 'Hewlett Packard'),
(455, 'Peintre sculpteur'),
(456, 'Écrivain éditeur'),
(457, 'Compositeur lyrique'),
(458, 'Chorégraphe danseur'),
(459, 'James Naismith'),
(460, 'Martin Roy'),
(461, 'Jacques Dextraze'),
(462, 'Gordon Herbert'),
(463, 'Danemark'),
(464, 'Norvège'),
(465, 'Finlande'),
(466, 'Suède'),
(467, 'Roland Moreno'),
(468, 'Léon Bollée'),
(469, 'Henri Fourel'),
(470, 'Gustave Lyon'),
(471, '1 074'),
(472, '57'),
(473, '421'),
(474, '234'),
(475, 'Ingénieur automobile'),
(476, 'Barbier'),
(477, 'Coiffeur'),
(478, 'Charcutier'),
(479, 'Hongroise'),
(480, 'Autrichienne'),
(481, 'Suisse'),
(482, 'Roumaine'),
(483, 'En rouge et noir'),
(484, 'Couleurs'),
(485, 'Montagnes de douleur'),
(486, 'En noir et rouge'),
(487, 'Sweet dreams'),
(488, 'Dreams'),
(489, 'I travel the world'),
(490, 'Made of this'),
(491, 'Boys'),
(492, 'Summertime'),
(493, 'Macarena'),
(494, 'Girls'),
(495, 'Daniel Balavoine'),
(496, 'Bryan Adams'),
(497, 'David Bowie'),
(498, 'Daniel Bolavoine'),
(499, 'Mon fils ma bataille'),
(500, 'Quand on arrive en ville'),
(501, 'Les yeux revolver'),
(502, 'Tous les cris les S.O.S'),
(503, 'No limit'),
(504, 'Edge'),
(505, 'Unlimited'),
(506, 'Limit'),
(507, 'Images'),
(508, 'Indochine'),
(509, 'Pictures'),
(510, 'Europe'),
(511, 'Rose are red'),
(512, 'Aquarium'),
(513, 'Red are blue'),
(514, 'Aqua'),
(515, 'Arround the world'),
(516, 'La la la la la la'),
(517, 'La'),
(518, 'Sing'),
(519, 'Regarde-moi'),
(520, 'La voix du bon dieu'),
(521, 'Miracle'),
(522, 'Encore un soir'),
(523, 'Just an illusion'),
(524, 'Destiny'),
(525, 'Illusion'),
(526, 'Confusion'),
(527, 'Upside down'),
(528, 'Inside out'),
(529, 'Outside'),
(530, 'Up down'),
(531, '1989'),
(532, '1981'),
(533, '1985'),
(534, '1992'),
(535, 'As'),
(536, 'Amazing'),
(537, 'Outside'),
(538, 'One more try'),
(539, 'Swort art online'),
(540, 'Stranger'),
(541, 'Gun x sword'),
(542, 'Towers of god'),
(543, 'Dragon ball Z'),
(544, 'God eater'),
(545, 'Hunter x hunter'),
(546, 'From the New World'),
(547, 'Full metal alchemist'),
(548, 'Barakamon'),
(549, 'Puella Magi Madoka Magica'),
(550, 'Star Blazers 2199'),
(551, 'Your name'),
(552, 'Owarimonogatari'),
(553, 'Cardcaptor Sakura: Clear Card'),
(554, 'Kids on the Slope'),
(555, 'Code geass'),
(556, 'Shelter'),
(557, 'Mobile Suit Gundam: The Origin'),
(558, 'Rurouni Kenshin'),
(559, 'Gintama'),
(560, 'One punch man'),
(561, 'Toradora!'),
(562, 'My Hero Academia'),
(563, 'Your lie in april'),
(564, 'The Rose of Versailles'),
(565, 'Violet Evergarden'),
(566, 'Clannad After Story'),
(567, 'No game no life'),
(568, 'Nichijou - My Ordinary Life'),
(569, 'Death note'),
(570, 'Monster'),
(571, 'Erased'),
(572, 'The Ancient Magus\' Bride'),
(573, 'Kuroko\'s Basketball'),
(574, 'Twin Star Exorcists'),
(575, 'The testament of sister new devil burst'),
(576, 'Bible black: New testament'),
(577, 'Divine Gate'),
(578, 'Black Bullet'),
(579, 'Fate grand order'),
(580, 'Fate zero'),
(581, 'Fate apocrypha'),
(582, 'Fate stay night'),
(583, 'Naruse Mio'),
(584, 'Lilith Asami'),
(585, 'Erza Scarlet'),
(586, 'Yoko Littner');

-- --------------------------------------------------------

--
-- Structure de la table `room`
--

DROP TABLE IF EXISTS `room`;
CREATE TABLE IF NOT EXISTS `room` (
  `id` int(11) NOT NULL,
  `name` varchar(255) DEFAULT NULL,
  `nbPlayers` int(11) NOT NULL,
  `password` varchar(255) DEFAULT NULL,
  PRIMARY KEY (`id`)
) ENGINE=MyISAM DEFAULT CHARSET=latin1;

--
-- Déchargement des données de la table `room`
--

INSERT INTO `room` (`id`, `name`, `nbPlayers`, `password`) VALUES
(277890, 'Salle', 0, NULL);

-- --------------------------------------------------------

--
-- Structure de la table `statistique`
--

DROP TABLE IF EXISTS `statistique`;
CREATE TABLE IF NOT EXISTS `statistique` (
  `id` int(11) NOT NULL AUTO_INCREMENT,
  `nbQuestions` int(11) NOT NULL,
  `nbReponse` int(11) NOT NULL,
  `theme` varchar(255) DEFAULT NULL,
  PRIMARY KEY (`id`)
) ENGINE=MyISAM AUTO_INCREMENT=19 DEFAULT CHARSET=latin1;

--
-- Déchargement des données de la table `statistique`
--

INSERT INTO `statistique` (`id`, `nbQuestions`, `nbReponse`, `theme`) VALUES
(1, 103, 96, 'Informatique'),
(2, 88, 52, 'Nature'),
(3, 187, 174, 'Série'),
(4, 148, 104, 'Invention'),
(5, 174, 71, 'Blind test 80-90'),
(6, 235, 160, 'Anime'),
(7, 119, 75, 'Informatique'),
(8, 133, 110, 'Nature'),
(9, 138, 68, 'Série'),
(10, 158, 57, 'Invention'),
(11, 103, 50, 'Blind test 80-90'),
(12, 135, 102, 'Anime'),
(13, 163, 128, 'Informatique'),
(14, 152, 118, 'Nature'),
(15, 129, 112, 'Série'),
(16, 130, 82, 'Invention'),
(17, 195, 71, 'Blind test 80-90'),
(18, 248, 168, 'Anime');

-- --------------------------------------------------------

--
-- Structure de la table `utilisateur`
--

DROP TABLE IF EXISTS `utilisateur`;
CREATE TABLE IF NOT EXISTS `utilisateur` (
  `id` binary(16) NOT NULL,
  `email` varchar(255) DEFAULT NULL,
  `password` varchar(255) DEFAULT NULL,
  `username` varchar(255) DEFAULT NULL,
  PRIMARY KEY (`id`),
  UNIQUE KEY `UK_35ysk0sh9ruwixrld3nc0weut` (`email`),
  UNIQUE KEY `UK_66vu1vfh4m2fw682xmd4lobqy` (`username`)
) ENGINE=MyISAM DEFAULT CHARSET=latin1;

--
-- Déchargement des données de la table `utilisateur`
--

INSERT INTO `utilisateur` (`id`, `email`, `password`, `username`) VALUES
(0xf0cf282f5063499aa710708d08b8e8b4, 'admin@gmail.com', 'admin', 'admin'),
(0x9178594fddf148169721fa92cce70563, 'sam@gmail.com', 'azerty', 'SpiritM'),
(0x8271e545f89f4bf4850814ee1a7e84e1, 'math@gmail.com', 'azerty', 'IzeMath');

-- --------------------------------------------------------

--
-- Structure de la table `utilisateur_statistique`
--

DROP TABLE IF EXISTS `utilisateur_statistique`;
CREATE TABLE IF NOT EXISTS `utilisateur_statistique` (
  `Utilisateur_id` binary(16) NOT NULL,
  `lStat_id` int(11) NOT NULL,
  UNIQUE KEY `UK_sn5ad6p4jqsg9jtd0lq6r0d2e` (`lStat_id`),
  KEY `FKm6pxiwsi7j69g9t9uyqlwi58j` (`Utilisateur_id`)
) ENGINE=MyISAM DEFAULT CHARSET=latin1;

--
-- Déchargement des données de la table `utilisateur_statistique`
--

INSERT INTO `utilisateur_statistique` (`Utilisateur_id`, `lStat_id`) VALUES
(0xf0cf282f5063499aa710708d08b8e8b4, 1),
(0xf0cf282f5063499aa710708d08b8e8b4, 2),
(0xf0cf282f5063499aa710708d08b8e8b4, 3),
(0xf0cf282f5063499aa710708d08b8e8b4, 4),
(0xf0cf282f5063499aa710708d08b8e8b4, 5),
(0xf0cf282f5063499aa710708d08b8e8b4, 6),
(0x9178594fddf148169721fa92cce70563, 7),
(0x9178594fddf148169721fa92cce70563, 8),
(0x9178594fddf148169721fa92cce70563, 9),
(0x9178594fddf148169721fa92cce70563, 10),
(0x9178594fddf148169721fa92cce70563, 11),
(0x9178594fddf148169721fa92cce70563, 12),
(0x8271e545f89f4bf4850814ee1a7e84e1, 13),
(0x8271e545f89f4bf4850814ee1a7e84e1, 14),
(0x8271e545f89f4bf4850814ee1a7e84e1, 15),
(0x8271e545f89f4bf4850814ee1a7e84e1, 16),
(0x8271e545f89f4bf4850814ee1a7e84e1, 17),
(0x8271e545f89f4bf4850814ee1a7e84e1, 18);
COMMIT;

/*!40101 SET CHARACTER_SET_CLIENT=@OLD_CHARACTER_SET_CLIENT */;
/*!40101 SET CHARACTER_SET_RESULTS=@OLD_CHARACTER_SET_RESULTS */;
/*!40101 SET COLLATION_CONNECTION=@OLD_COLLATION_CONNECTION */;
